,frac_diff,rsi,volatility,dist_sma50,target
2020-10-15,10.614043303052284,63.102264901134184,0.027201575846437218,0.03242495091293414,-1.0
2020-10-16,8.950512581999334,56.510605382283764,0.026218535837398853,0.017044617913844925,-1.0
2020-10-19,6.5349841443838415,52.833619476674315,0.026436157976545364,-0.009756302267255202,-1.0
2020-10-20,9.282423168836019,52.56336314153331,0.026377946769331192,0.0024882165084642643,-1.0
2020-10-21,8.4166542834665,50.12187933873701,0.02429862803124488,-0.004245164597526078,-1.0
2020-10-22,7.55712596094493,54.52437867340338,0.02446163263446923,-0.014248012056057522,-1.0
2020-10-23,7.36386318410581,47.335792545915396,0.023195507185302108,-0.020299561640349722,-1.0
2020-10-26,7.801532961291599,53.926126413510865,0.022588310061696787,-0.020237961437925986,-1.0
2020-10-27,9.459121313956487,53.20678113430558,0.02269335511782068,-0.007375441078429084,-1.0
2020-10-28,3.689816148981137,43.497776185373226,0.024790927061268953,-0.052642190679653963,1.0
2020-10-29,9.658684992163217,47.348113856784906,0.026194518682890078,-0.01747731703835293,-1.0
2020-10-30,2.3402779485170697,24.22030598545561,0.028181771238708787,-0.07102587702003343,1.0
2020-11-02,4.571734094839385,27.107311332099755,0.02714291635810502,-0.06931605921479102,1.0
2020-11-03,6.906653352269018,31.146952309433118,0.02674033045670192,-0.05252703097166887,1.0
2020-11-04,11.009455650619657,41.149381414669676,0.02807786271554381,-0.012161610853550909,0.0
2020-11-05,13.26278386146555,50.014317438055166,0.029153216063361277,0.02421928163832264,0.0
2020-11-06,11.082413615488079,54.550707441651234,0.02893649478302699,0.02413336981817607,0.0
2020-11-09,8.128650571218586,48.49504902251156,0.02526387698737841,0.005118474571700385,0.0
2020-11-10,8.33830012646824,48.92582412683449,0.024649110977497436,0.004324034340065681,0.0
2020-11-11,11.929500220019378,55.639612185568375,0.025676761270679426,0.03740604885593336,0.0
2020-11-12,10.292958129432591,56.33115894680689,0.025667185856902426,0.03712945261262857,0.0
2020-11-13,10.01569369637049,56.38174823386366,0.025461544141019612,0.037819560701936664,0.0
2020-11-16,10.790111584381634,55.73153216727684,0.02476035594999765,0.046952173866317934,-1.0
2020-11-17,9.334656915332829,64.18233678988454,0.02471078130707439,0.03781042541982114,0.0
2020-11-18,8.115883198628921,55.427294355213746,0.02483004610773417,0.025826062304142756,0.0
2020-11-19,9.175839805544229,73.78047936765445,0.024721892169481983,0.030170346877299838,0.0
2020-11-20,7.757009192092724,69.7527634154344,0.02482475322984993,0.017904308798536602,1.0
2020-11-23,4.807878488298314,57.50350869398177,0.025783548520314434,-0.012146008581782056,1.0
2020-11-24,7.554537273874857,51.0043364494148,0.025734817475215985,-0.0006631044765944166,1.0
2020-11-25,8.320323112671446,42.05734114036396,0.02336517892285252,0.006084359212089844,1.0
2020-11-27,8.60263844323687,44.17315838071549,0.02192192869526691,0.00981243948537805,1.0
2020-11-30,10.733951769212908,57.53728959820799,0.017781497220526705,0.028910099268896795,1.0
2020-12-01,13.266979958862336,65.74895530925261,0.018649390937208833,0.058281691301775414,1.0
2020-12-02,11.855808050120729,59.8248818589583,0.018538591686503732,0.059292169206605204,1.0
2020-12-03,10.964939096072769,60.28682589430455,0.016626575980755513,0.055180173520037075,1.0
2020-12-04,9.950702458773506,57.96484620475552,0.014928198584887815,0.04670376934611743,1.0
2020-12-07,11.42915010672968,58.97029376917851,0.015102264277208725,0.05743458252606205,1.0
2020-12-08,11.34872918965857,63.16630581111849,0.014177727371901575,0.06107392116612146,1.0
2020-12-09,8.287921431470494,59.2868003762304,0.015138897812918658,0.037497669448932194,1.0
2020-12-10,10.4557306794283,60.93160978284516,0.013867777234612222,0.04857288105793787,1.0
2020-12-11,9.194665237977247,62.32381862462698,0.013968523189222353,0.04048036319066619,1.0
2020-12-14,8.747289359930349,72.388496302092,0.014044709388359314,0.03355197171684059,1.0
2020-12-15,14.917932284471249,78.25702863308089,0.017771844805657622,0.0831935955749507,1.0
2020-12-16,12.509656065273603,77.1429427926166,0.017616554082077438,0.07988502282916018,1.0
2020-12-17,12.684815305688232,77.48530428307706,0.017271446721385624,0.08487145954434239,1.0
2020-12-18,9.959562321303324,67.607623937216,0.017856740825547508,0.06553984061363274,1.0
2020-12-21,11.907916476250179,64.1210193462394,0.017628782115219795,0.07667135929873123,1.0
2020-12-22,14.82677302502779,69.29829476411768,0.016425527039627803,0.10588947450281112,1.0
2020-12-23,12.251163370379047,67.00598048075847,0.016704652387166386,0.09632328195384592,1.0
2020-12-24,12.985020020401635,70.33475500860153,0.01670543164800519,0.10274967700306284,1.0
2020-12-28,16.921306040635784,73.85698659511228,0.01792198373938705,0.13910862241828148,-1.0
2020-12-29,12.980074154968946,68.52698481953367,0.01826058449843002,0.12094184989770133,-1.0
2020-12-30,11.77803111490931,72.22633969161386,0.017599787784276396,0.10807974711693058,-1.0
2020-12-31,10.949669602486637,67.87740476142466,0.01780737353298815,0.0967486038306217,-1.0
2021-01-04,8.052825106152426,62.1190303928981,0.018906302114493845,0.06738938108594227,0.0
2021-01-05,10.875522451704043,65.46062063033457,0.01891586757247377,0.07783806122828708,0.0
2021-01-06,6.276922654520263,47.727299926496315,0.020531505902700323,0.039544961856358835,1.0
2021-01-07,12.136778083230851,54.79787855060085,0.02179809316084509,0.07218831062971749,1.0
2021-01-08,12.02007552668799,55.130206720542,0.0210977084141086,0.07867771488492556,1.0
2021-01-11,8.310789318826394,53.44412895226863,0.02187585336891323,0.05051492042420926,1.0
2021-01-12,9.056242502074866,50.88263670862879,0.021789581712633368,0.04671680711266312,1.0
2021-01-13,11.349978749065897,48.38917330219792,0.021904643028628077,0.05987415083609521,1.0
2021-01-14,8.695478148489741,46.77577099038282,0.019364111302892176,0.04041635613079038,1.0
2021-01-15,7.532489929298279,42.58067793859551,0.019627059495291792,0.023340802934907267,1.0
2021-01-19,9.00318801576627,34.467103294328496,0.019601029574147295,0.026732966375452534,1.0
2021-01-20,13.063972550913704,45.40460171388656,0.02055132774713147,0.05822275579027706,1.0
2021-01-21,16.176549345993436,54.55332307979542,0.021854765234808133,0.09382767895571578,1.0
2021-01-22,15.965227385620224,58.9205741660351,0.021277566386644724,0.10738294668867641,-1.0
2021-01-25,18.03915858943273,68.5934021365825,0.021837363300841222,0.1331757017917797,-1.0
2021-01-26,16.046313989069276,67.3719843098724,0.02183384348246514,0.13083441019528733,-1.0
2021-01-27,13.97189595099087,74.41556496521301,0.020669094465697684,0.11810888771245975,-1.0
2021-01-28,8.961028307719346,59.54809657592762,0.02204367440687065,0.07597180682780988,0.0
2021-01-29,5.600345875577446,49.875995168452306,0.023596304082304568,0.03381594279860151,0.0
2021-02-01,10.03489717398567,57.28405721035146,0.023822192200013446,0.04847176023741772,0.0
2021-02-02,10.694521220176057,58.5757411436609,0.023070583223193115,0.05232536182065374,0.0
2021-02-03,9.410259688083784,54.35090555587233,0.023050809645216244,0.04165518607245864,0.0
2021-02-04,13.121614186343749,61.6100164839681,0.02210947485132364,0.06516415747155188,-1.0
2021-02-05,11.451564124429993,63.964711478795806,0.021008808167734132,0.05807220419514505,-1.0
2021-02-08,11.392391359484037,63.40313739244559,0.020959987407642464,0.055653538014061615,-1.0
2021-02-09,10.298792499276601,56.67453316233126,0.020217372996221884,0.04546481135943203,-1.0
2021-02-10,9.908746322597153,47.6441833324952,0.02026527730590274,0.03767210193807314,-1.0
2021-02-11,9.895719933397132,42.57679940484157,0.020035927752589763,0.033104902405938844,-1.0
2021-02-12,10.269863359744946,32.96696189073245,0.019634111857904958,0.03291293714021522,-1.0
2021-02-16,8.077503582911362,29.221406066456623,0.01974553752130193,0.014685014140900166,-1.0
2021-02-17,6.604711272841044,27.74238996831552,0.020238659376568414,-0.004444341570274849,-1.0
2021-02-18,6.6426863941225776,32.83068062784088,0.01893257393469198,-0.01418875033763166,-1.0
2021-02-19,7.616948907686549,44.0594579727513,0.016795887128074335,-0.013917853251636919,-1.0
2021-02-22,4.114669736628883,27.47806143242886,0.017264229026572618,-0.04356437891487328,-1.0
2021-02-23,5.663425005498539,23.612621509668728,0.015535036126300144,-0.04524476634345559,-1.0
2021-02-24,5.792083620338445,24.388814091508053,0.015435631867970302,-0.04944434498182817,-1.0
2021-02-25,2.081786340651121,3.1800438099349293,0.016689697175578614,-0.08233488478750879,1.0
2021-02-26,4.331232572092105,4.784003250852095,0.015532247964757174,-0.08023991705860731,1.0
2021-03-01,11.297393889890117,30.61221094604437,0.018846607797232046,-0.03072447224893845,-1.0
2021-03-02,6.53294082764539,28.46970629045174,0.01883497230018554,-0.05061636873397159,-1.0
2021-03-03,4.098832802987701,25.964648782219626,0.01926517135997166,-0.07292771974514062,-1.0
2021-03-04,3.5207737037746085,24.489760608387684,0.019414304711452664,-0.08670688622642837,1.0
2021-03-05,5.95262984142046,27.093600110408957,0.0184198366036789,-0.07596957474104846,-1.0
2021-03-08,0.9821676847033416,24.75247152797425,0.02005521737636894,-0.11240708750393327,1.0
2021-03-09,7.70084288447633,36.34837170834204,0.0227530551050552,-0.07496141921190168,0.0
2021-03-10,5.487615442159566,36.36870350778137,0.02276462013919014,-0.08178660646766503,1.0
2021-03-11,7.7149889521029,39.456156430133625,0.02331559642725231,-0.06455367325698462,0.0
2021-03-12,6.161483917876936,42.811677200239146,0.02331143440279642,-0.06974068000290579,0.0
2021-03-15,9.275678307443457,47.49934855158686,0.024205198062315293,-0.04559109590004084,0.0
2021-03-16,9.728889033886574,50.28598810875484,0.02431177549982906,-0.0323981717376351,0.0
2021-03-17,8.024913699376526,55.399583358459,0.0240764330277101,-0.037978856130098,0.0
2021-03-18,3.8884194443109408,49.0609795062585,0.02507945262108344,-0.06911982202242868,0.0
2021-03-19,4.923964628499604,38.1386929937094,0.025056834308237637,-0.07237032027982819,0.0
2021-03-22,8.876561961380474,47.42636889178232,0.02523529780670651,-0.04500232822998915,0.0
2021-03-23,6.998637619103505,50.764320209231954,0.0252727505265676,-0.05021180513505161,0.0
2021-03-24,4.710365040582403,49.937335063238635,0.025621926824691905,-0.06794480926020068,1.0
2021-03-25,6.155396024985862,48.66685470624347,0.024438395274999084,-0.06289782833279135,1.0
2021-03-26,6.852231674585298,59.08577259252961,0.02446030336515014,-0.05668924667580796,1.0
2021-03-29,6.882565899144197,50.6775077329727,0.02097664942825881,-0.054209624663584983,1.0
2021-03-30,5.358445131854367,49.82239140195074,0.020661937069339355,-0.06479129172416193,1.0
2021-03-31,8.12782597848775,50.41685309649791,0.020440509680193793,-0.046424927789755044,1.0
2021-04-01,8.260423526910841,54.33736911840466,0.02013144365503569,-0.03846311023803743,1.0
2021-04-05,10.596013802740615,54.21634504423201,0.020643934363659546,-0.014133364697620273,1.0
2021-04-06,9.598443445831407,51.49677782080687,0.017905144120789775,-0.009743722599332993,1.0
2021-04-07,10.695066508235286,57.05297788571502,0.015913026042753173,0.005853147693589801,1.0
2021-04-08,12.159434086255175,73.987312281345,0.016049933371038102,0.02723339335739543,1.0
2021-04-09,13.398812626699836,78.79588542859311,0.016221153532529613,0.04949967283232639,0.0
2021-04-12,10.132876653068152,68.73505821320137,0.016487451123052686,0.03653507637346305,0.0
2021-04-13,13.300688502651568,75.52592061939465,0.0164777472909522,0.06128254912028411,0.0
2021-04-14,9.530897634408078,75.68853540440311,0.017051159778836644,0.04264991573690108,0.0
2021-04-15,12.330115726555192,77.5883332965999,0.017271073664096147,0.06220420576381103,0.0
2021-04-16,10.971355916717371,75.97284677261135,0.014920664702303379,0.05944895218322718,0.0
2021-04-19,11.374097597899762,76.44521064566985,0.014736941178452938,0.0652129675475049,0.0
2021-04-20,9.20520983194612,75.73055575710313,0.014315114390910037,0.05215318555769954,-1.0
2021-04-21,10.00667781685975,73.83462383163287,0.014092438452990434,0.05580485626088072,-1.0
2021-04-22,8.349293694504283,68.23021757239381,0.013443431848047112,0.04413999623882307,-1.0
2021-04-23,11.189077804511172,67.54183568326181,0.01376295421788038,0.06315453785283262,-1.0
2021-04-26,10.751576695196064,67.66305336528217,0.013774385252056006,0.06638946700317044,-1.0
2021-04-27,10.01677583601979,64.2765436825414,0.013860869717842082,0.06394277648808618,-1.0
2021-04-28,9.153149545550093,57.63759158665055,0.013512590014725642,0.05746461366078727,-1.0
2021-04-29,9.268715307562559,51.29452187787561,0.013205582841564025,0.05623151055608848,-1.0
2021-04-30,7.342051753706883,50.58519406563765,0.013897337940852109,0.039959387691624944,-1.0
2021-05-03,9.16436575104727,44.33780632020009,0.01312801680022132,0.04806000929823053,-1.0
2021-05-04,4.374224876957285,38.988222371391956,0.015643958711011735,0.010678390192473543,-1.0
2021-05-05,6.408772453272775,30.90645056605007,0.015364616025391568,0.012296133589769248,-1.0
2021-05-06,8.434309759372198,37.762732605427786,0.015008239609704401,0.0245453064482937,-1.0
2021-05-07,8.708267421857656,37.801328541380386,0.014295594528971143,0.02846973221935788,-1.0
2021-05-10,5.115845840824733,34.6636523059621,0.015120077890229911,0.0010140985208009323,-1.0
2021-05-11,5.429037812416425,31.79479829857459,0.013882988384605515,-0.00614265616480341,0.0
2021-05-12,3.0862998994002453,29.487124369725024,0.014361670444562052,-0.03060092050436093,1.0
2021-05-13,6.758612264999186,28.91364397462513,0.01429862292553806,-0.01371496206483984,0.0
2021-05-14,8.86702607062955,35.15156567230764,0.015222737736951817,0.004664389938139583,0.0
2021-05-17,6.805886597144564,33.934237106348704,0.015191515039494216,-0.0054300274007152835,0.0
2021-05-18,5.668398843532316,33.110151167795976,0.015142067057792126,-0.017958521589645095,0.0
2021-05-19,6.120302853079195,33.03119648606466,0.015084385119616503,-0.019803828957918285,0.0
2021-05-20,8.93991613895912,42.40020706819795,0.015869439775385914,-0.0003919292179780158,0.0
2021-05-21,6.212814549129689,37.07668245564282,0.015424159396628891,-0.015721550716317527,0.0
2021-05-24,8.358891516233498,48.87157829578761,0.015811069803233158,-0.003598060170376312,0.0
2021-05-25,7.632516071624039,47.9158520760959,0.0158130222625742,-0.0056522387505960215,0.0
2021-05-26,7.527368360364989,43.92899027360871,0.015800032763359926,-0.006276701124578137,0.0
2021-05-27,5.97279158349707,39.2216657090328,0.01595017087225438,-0.018688248459598784,0.0
2021-05-28,5.911488006392787,44.44993755405465,0.015705278512078442,-0.024591062955960863,1.0
2021-06-01,6.019842427996053,45.835379275820195,0.015502847654801758,-0.027858132089837468,1.0
2021-06-02,7.075425719133335,56.65312073852545,0.013607179992655921,-0.02204427770876482,1.0
2021-06-03,5.421086493049387,45.67449321378388,0.013813913985513538,-0.034112901291103996,1.0
2021-06-04,8.303779080430218,45.243888844956686,0.014220075009351905,-0.01666283042988576,1.0
2021-06-07,7.5856310404954,48.78528969404484,0.014139067804531936,-0.017431125937556066,1.0
2021-06-08,8.235711764504345,56.45041904952869,0.01303297750887559,-0.011760302916446155,1.0
2021-06-09,8.21520358985272,58.19883694312195,0.012928123204026604,-0.009637627150608001,1.0
2021-06-10,6.928044667420892,45.48191707905939,0.01166353425409696,-0.018564126124747348,1.0
2021-06-11,8.413746307369465,57.59495548594612,0.011191578552260653,-0.009747383135203092,1.0
2021-06-14,11.029323034323042,61.98590535566565,0.01165159362569243,0.013379393834186612,1.0
2021-06-15,8.851049422988723,59.29445848114268,0.011534311569786286,0.006237625071455972,1.0
2021-06-16,9.233415218657498,60.855296634344064,0.011152862475381942,0.00954488616431666,1.0
2021-06-17,10.48522637082381,71.31633543185022,0.01135882776404736,0.021615105422593803,1.0
2021-06-18,8.370631846817147,68.36166947763965,0.010857174158952305,0.011254890727353068,1.0
2021-06-21,10.37259542300444,72.9932827580337,0.01052575614206732,0.02559317864271012,1.0
2021-06-22,11.25367426401074,74.31853325438443,0.010493986300193835,0.03813950151577379,1.0
2021-06-23,10.048557181168917,79.70770164899253,0.010505662552177476,0.03605053586561645,1.0
2021-06-24,9.50486511928844,75.00010389005938,0.010540307428712464,0.03354639729367968,1.0
2021-06-25,9.12527077380581,73.51613904391384,0.010014227885101801,0.03140806452771276,1.0
2021-06-28,10.75476201576933,74.87636979463535,0.010020650073207356,0.04421074281814629,1.0
2021-06-29,11.546936724424441,76.55908808170494,0.010027671596827178,0.055938550848031794,1.0
2021-06-30,11.289366350998122,82.04383597296396,0.010020678604000369,0.060148724958100336,1.0
2021-07-01,10.993177345247446,81.00013037153936,0.009239954460081986,0.061891320545566224,1.0
2021-07-02,13.19930951431958,80.462857105559,0.00928555542932329,0.0813215434249423,1.0
2021-07-06,13.916703829037061,86.88922017964194,0.009423976579140046,0.09589414301131356,1.0
2021-07-07,15.10791723557152,88.31040360255945,0.009791591667626052,0.11383880633858504,1.0
2021-07-08,12.260353892711237,80.9294424020901,0.010393552162316052,0.10205051229111148,1.0
2021-07-09,13.949496992976435,88.45163753609452,0.009952384399359256,0.11442164356270869,1.0
2021-07-12,12.354426207866027,84.23144101740333,0.010239435669026742,0.10782340150704912,1.0
2021-07-13,13.255198868865392,83.73866998459191,0.009317428263015855,0.11410266973646264,1.0
2021-07-14,15.996398297346147,87.66480222209694,0.009741778254864785,0.13802223970117838,-1.0
2021-07-15,13.631377884632514,86.0699334383978,0.010061908287117404,0.12931712520275876,-1.0
2021-07-16,11.192902979966846,79.27697662306167,0.010960625246605541,0.11029535736940482,-1.0
2021-07-19,7.820471476401892,65.37082336024969,0.012711546544094092,0.07829751005805197,1.0
2021-07-20,12.947365298844431,68.11806781969254,0.013440581293194972,0.10364167871655576,0.0
2021-07-21,11.138921293719761,65.50341518801471,0.013499593866269881,0.09491097416445299,0.0
2021-07-22,12.506536657708864,66.83161950535121,0.013467193362103612,0.10198639886397128,0.0
2021-07-23,13.590517715122502,65.70498370722075,0.013455314858671715,0.11089686025658511,0.0
2021-07-26,13.070539224223722,63.53408483420115,0.013348589186198518,0.1101241491600699,-1.0
2021-07-27,10.35689280468651,54.32736133026076,0.014006224522706997,0.0904435957596292,0.0
2021-07-28,9.179420526011,53.36168953879407,0.014368287220962794,0.07415838484124072,0.0
2021-07-29,10.568990037914517,51.074154980558866,0.014367931487533141,0.07573412503616793,0.0
2021-07-30,10.70327430917446,52.80061264809416,0.014371431615635321,0.07400034087819957,0.0
2021-08-02,10.265666395302361,49.744495115827334,0.01387763495749479,0.06863122423738403,1.0
2021-08-03,12.140241613219274,45.89638717008005,0.013785378167146891,0.07866928937155195,0.0
2021-08-04,11.010500811585729,46.450162776702264,0.01328810144573153,0.07255101942145946,1.0
2021-08-05,11.03415510787417,51.711814715219184,0.013074610674287414,0.07020442726121573,1.0
2021-08-06,10.20445725243843,61.96789069825294,0.012843607610996408,0.062086810520009555,1.0
2021-08-09,10.329227064663826,50.626613355347864,0.012798012513161929,0.05849309412541265,1.0
2021-08-10,9.868190533614737,51.68315735716245,0.012712248504600664,0.05171554740744226,1.0
2021-08-11,10.290225043964384,46.802611424567004,0.011411025109579974,0.05029091928447476,1.0
2021-08-12,13.17427376727639,52.2022032609656,0.012360509117308899,0.06841337713860564,0.0
2021-08-13,12.155464115977551,51.351426657193194,0.011889616066730517,0.06598211711593852,0.0
2021-08-16,13.656590411128164,68.8484037247495,0.010201758681688251,0.07651106116747708,-1.0
2021-08-17,11.705808627638262,74.0881088507734,0.008847095899973394,0.06616785875312198,-1.0
2021-08-18,7.913691497828893,53.24852879985733,0.010638855614917415,0.036065594062862666,1.0
2021-08-19,9.593600141017447,53.63492737219393,0.010430791417622532,0.035575111957989285,1.0
2021-08-20,11.233328738534127,59.19266609120104,0.010328352413828828,0.04281478855707946,1.0
2021-08-23,12.221091549427967,58.351395903834806,0.010565414317312753,0.05017815993735995,1.0
2021-08-24,11.396606884072895,59.58799729997225,0.009943255962729292,0.04670714190962851,1.0
2021-08-25,9.935861618388572,54.685486073972044,0.00971103879993098,0.03515318930281695,1.0
2021-08-26,9.475949428031058,54.28390559968376,0.009793086585722087,0.026911846263501696,1.0
2021-08-27,10.86791754993719,57.23329370738787,0.009897335630563133,0.03184685654623579,1.0
2021-08-30,14.956317213018522,67.5863432802602,0.011828604526913178,0.05986867675253745,-1.0
2021-08-31,11.824990522873605,63.3199200774163,0.011833588927579035,0.04807746295182339,1.0
2021-09-01,12.397477046794606,59.022852578585635,0.01180222022940381,0.050055787441333356,1.0
2021-09-02,13.06017450565173,60.83841495140378,0.011860399574255684,0.05497799111635331,-1.0
2021-09-03,13.018091039284755,58.10393443822253,0.01174689308253708,0.05638146649987583,-1.0
2021-09-07,14.799953107454414,65.417527665445,0.012054425752201874,0.06926288339374806,-1.0
2021-09-08,12.038170583209435,73.23409540396261,0.01234843698368092,0.055522828624689685,-1.0
2021-09-09,11.159125130032734,68.86845960770029,0.012545466971944403,0.045891573880035834,-1.0
2021-09-10,6.456370025792481,51.68546295366115,0.014166158825202838,0.009596351105750283,-1.0
2021-09-13,9.011094362200652,49.63961684692852,0.014188897312982753,0.01181463893392243,-1.0
2021-09-14,7.930112152286867,46.813991898283156,0.013988272277021131,0.0010059249781902298,-1.0
2021-09-15,9.565433902972671,51.44467954130323,0.014015834125749558,0.006173722777899109,-1.0
2021-09-16,9.246635056311874,52.764370080505984,0.012711841682768243,0.003951968584266291,-1.0
2021-09-17,6.7132846058388935,44.769442422131675,0.01341120843234427,-0.014871946874882223,-1.0
2021-09-20,4.793478097024078,27.753619976611205,0.013978239446899037,-0.03566128265124304,0.0
2021-09-21,6.851593927037172,30.978279302450474,0.013752128319662984,-0.03224412977850795,-1.0
2021-09-22,9.586330062590108,36.02029120299718,0.01438932379345331,-0.015972652925333855,-1.0
2021-09-23,9.859226921191407,35.58756172878175,0.014386399427914807,-0.009080159499346601,-1.0
2021-09-24,9.461118491486062,34.02612822592681,0.014337098283669898,-0.008293659757330405,-1.0
2021-09-27,7.776004012197404,24.573234836484943,0.014410277109358473,-0.018650246100627245,-1.0
2021-09-28,4.928718378805158,22.659535002759682,0.013241521945150676,-0.041965410411857584,0.0
2021-09-29,7.326095772108005,26.602879080066174,0.013381030827631169,-0.035350471419215955,0.0
2021-09-30,6.144108958625665,31.55560280966789,0.013332509323165159,-0.04385740344409582,0.0
2021-10-01,7.942811139569898,33.42945052836981,0.013361909266759035,-0.035574497377246536,0.0
2021-10-04,4.329967990566374,30.39310532770132,0.01401007736280745,-0.05813338999913113,1.0
2021-10-05,7.663646642675758,33.47241946710997,0.013910091507353572,-0.04380692859706933,1.0
2021-10-06,8.223693217908334,36.204784829739026,0.014084636008836252,-0.03718225629728038,1.0
2021-10-07,9.170240192279124,44.02243883256661,0.014382728288466904,-0.028241377859191185,1.0
2021-10-08,8.237544855659053,49.902146517652554,0.012586267468822335,-0.03055458905331142,1.0
2021-10-11,8.150066339208138,48.45319089470238,0.012515199745266345,-0.030792599450727133,1.0
2021-10-12,6.890924245513645,38.530697667514914,0.01250146089308027,-0.03912093448610654,1.0
2021-10-13,6.810737025903563,34.034508700386596,0.012351184950598785,-0.04238474210322237,1.0
2021-10-14,9.984777842902474,42.58207891500474,0.013377328382701446,-0.02262190611256069,1.0
2021-10-15,10.078614827995409,48.72782399105994,0.012918572430155706,-0.01501142620964723,1.0
2021-10-18,11.085775592217374,62.1593775680836,0.012186094685084872,-0.0034382046931070755,1.0
2021-10-19,12.336960319785177,64.55578115988538,0.012564907691800615,0.011223030429689314,1.0
2021-10-20,11.625019223924099,69.85678252933695,0.012071134434721506,0.01411736649004633,0.0
2021-10-21,11.188151628298613,68.35035323884009,0.012002276342795406,0.01511234343057371,0.0
2021-10-22,9.997461452148869,80.05058538443714,0.012083515388199514,0.00977520621117717,1.0
2021-10-25,10.009771489213207,76.95085954749374,0.011796851192897027,0.009498705529384373,1.0
2021-10-26,10.608758219446585,76.59909314895465,0.010237668013533352,0.014365061532284467,1.0
2021-10-27,9.799866923110244,71.48374059708439,0.010271761081534886,0.011356063583057185,1.0
2021-10-28,13.464987422325038,79.71727152251836,0.01109411119786494,0.035757557934279656,-1.0
2021-10-29,9.24396197805271,68.44319521560723,0.012072055822490609,0.01652496766464541,0.0
2021-11-01,9.009397211409322,70.14617830310313,0.010466126964405211,0.01071936632778859,0.0
2021-11-02,10.410540073337216,74.03701916822958,0.010202670669724112,0.017868860990946242,0.0
2021-11-03,11.502228939964922,71.99781203769973,0.010289655986438632,0.027581777082241903,-1.0
2021-11-04,10.292948819135034,67.97878103713319,0.010301394929654411,0.023625411232510794,1.0
2021-11-05,10.778114209641458,65.61690123654861,0.010224190817368405,0.026741141637996825,-1.0
2021-11-08,9.649953586037043,56.55820357191336,0.010373745071774498,0.02075478634737108,1.0
2021-11-09,10.195697003060872,56.166305955912485,0.009994850619557724,0.02355513367795233,1.0
2021-11-10,7.213610589512641,46.05310298886426,0.011085506350018186,0.004443758188228337,1.0
2021-11-11,8.22095124122903,48.14517859469236,0.010285758667463623,0.004706965785568725,1.0
2021-11-12,10.595228498699896,54.27266686267745,0.010602857917309921,0.01958758273262074,1.0
2021-11-15,9.90734161917888,52.540743530291635,0.010345968516338728,0.02022069530483479,1.0
2021-11-16,10.705500917956911,56.504421103824654,0.00991782491408145,0.027785605155860107,1.0
2021-11-17,12.66017296122385,53.36582464057753,0.010508504169088941,0.04493237797369055,1.0
2021-11-18,15.794490473628173,72.29912508728589,0.012120402111724268,0.07416172793521743,1.0
2021-11-19,16.299279689869223,78.90260923949936,0.012351405080854468,0.09064603967168117,1.0
2021-11-22,14.956698090291823,78.2767300042801,0.012312741345696283,0.09210439594729918,-1.0
2021-11-23,14.397723139934058,77.02864754615696,0.012318265709769129,0.09274789378869261,-1.0
2021-11-24,14.233466822052364,79.85072209945716,0.012204018827346988,0.0943905516789556,-1.0
2021-11-26,8.583389423786429,61.8415249832702,0.013655774545149345,0.05854364128121714,1.0
2021-11-29,13.581066623855406,68.88983646333187,0.013551214515048919,0.07959986563810036,1.0
2021-11-30,17.517299530745376,73.65338839948731,0.014730493650406087,0.11031471175565943,1.0
2021-12-01,14.709128799500732,79.80189966472615,0.014847357998260775,0.1035599809352713,1.0
2021-12-02,13.137964837913586,77.18100452123562,0.01499597985021542,0.09413938998418511,1.0
2021-12-03,11.246263148842743,70.40983782507432,0.015324046134819589,0.0791156701731982,1.0
2021-12-06,15.224773473926817,73.56921466309903,0.015834082074487967,0.09959046047577057,1.0
2021-12-07,19.650964943551585,77.00743791279749,0.017061422550670193,0.13463880942668663,1.0
2021-12-08,20.729067074842405,77.84362850971922,0.01740264249637405,0.1553773021752901,0.0
2021-12-09,17.72271404504866,73.90426966111626,0.016440482237118692,0.14711030723632293,0.0
2021-12-10,21.67858785629093,75.4579228074181,0.016860510526848758,0.1733607107472278,-1.0
2021-12-13,15.53351512951761,68.2358876454197,0.0181401553720964,0.1441203769777165,0.0
2021-12-14,14.584649458593802,65.61135954809986,0.018417010127274223,0.1297345512305961,0.0
2021-12-15,19.77899704223796,68.9436774394917,0.01899090772807424,0.15618868682050105,-1.0
2021-12-16,10.840746603895013,66.18471158582022,0.02170090002680631,0.1064446332374758,1.0
2021-12-17,11.762317809332728,61.999064309513244,0.021195004784535728,0.09530275812764678,1.0
2021-12-20,11.192642091445478,55.32935012093672,0.021145239446681015,0.08265727352853704,1.0
2021-12-21,15.123540632761689,59.24423868831872,0.02144877290603886,0.09906128827456026,1.0
2021-12-22,16.67586052636716,62.885011030246666,0.021598190443270517,0.11105019329915722,0.0
2021-12-23,15.97219948006979,66.10891590185793,0.021597311417928585,0.11010238585445555,0.0
2021-12-27,19.202113239080646,66.53444556030195,0.0201944117560695,0.13037035029853802,-1.0
2021-12-28,16.220693429076874,59.995100158745636,0.02008327742438763,0.11898888065540832,-1.0
2021-12-29,15.976720770841979,55.84877801529409,0.01916711041523792,0.11495190063780886,-1.0
2021-12-30,14.446406500143539,54.863738874231935,0.019250979353868554,0.10354902909678923,0.0
2021-12-31,14.007281645365083,47.16530202262985,0.01918703987575361,0.0957762315728832,0.0
2022-01-03,18.508016949938423,59.25049106566191,0.019336607382273753,0.1186535834185753,-1.0
2022-01-04,14.45478059743256,57.717691038008326,0.01941156436793901,0.10023275099194033,-1.0
2022-01-05,10.069282029364416,43.67045889966559,0.019137685900221923,0.06750333730155848,-1.0
2022-01-06,8.979657959550067,49.57349445254005,0.018833856439682717,0.04675759252198894,-1.0
2022-01-07,10.719859019043213,51.74404894109902,0.018829747741105664,0.04479918130627127,-1.0
2022-01-10,11.185774406565216,54.33234526429464,0.017597745777627988,0.042410108541609995,-1.0
2022-01-11,14.243834174175035,53.757630520626,0.01748914579427718,0.05664342996584513,-1.0
2022-01-12,13.68383976955954,49.78526491496369,0.017394881493119123,0.055945331580266065,-1.0
2022-01-13,9.973901204824159,42.776351283679595,0.01659373713525143,0.033069836250832575,-1.0
2022-01-14,11.955113611332806,35.560877971395286,0.01411493129856518,0.03564035781478909,-1.0
2022-01-18,8.677823333895049,32.663465889524815,0.014690839754913861,0.01376018348597909,-1.0
2022-01-19,6.474662927168538,28.68715035839054,0.015322576979257603,-0.009322212585924727,-1.0
2022-01-20,6.575331397633576,28.19369289111475,0.014699101573213814,-0.02121408161110709,-1.0
2022-01-21,5.809326200146842,26.93236743605,0.014251209223664916,-0.035040622797754314,1.0
2022-01-24,6.403045020927053,15.097670479333615,0.014143526998797559,-0.0412951812945069,1.0
2022-01-25,5.487214196662379,15.344586181643919,0.012674759340577896,-0.05354702561791313,1.0
2022-01-26,6.5702760865027585,18.336893899448228,0.012732098886211097,-0.055165981247843054,1.0
2022-01-27,6.661320635750542,20.416791682053173,0.012666986368359645,-0.05897341453768842,1.0
2022-01-28,18.07186783294368,47.17270375688159,0.021124561291050004,0.0043942961836446245,0.0
2022-01-31,18.381264878110528,53.502822906544466,0.02203623864566862,0.028053483834471364,0.0
2022-02-01,15.385270724478985,49.31389334143586,0.021199456408008174,0.02503497432241035,0.0
2022-02-02,15.607523698709514,50.44243930663088,0.021128183343608706,0.03040583811138655,0.0
2022-02-03,11.671326191521729,51.02508861248082,0.02060414469478545,0.011768925589107252,0.0
2022-02-04,12.01027331254474,49.323785337599325,0.02024910604157802,0.008747692176207255,0.0
2022-02-07,11.397186621070432,53.299400756361486,0.02027432972779552,0.0033103862164419753,-1.0
2022-02-08,14.745389695418552,64.1820721543275,0.020685913370962584,0.019666886431971235,-1.0
2022-02-09,14.938503822686442,69.44817869009567,0.020431005229500237,0.026179340325044206,-1.0
2022-02-10,9.889358523591866,65.08897985080458,0.021124278114141724,0.0011433035608513261,-1.0
2022-02-11,7.698598709653709,60.16219173286068,0.02118020891325945,-0.019563664653845587,-1.0
2022-02-14,9.52449146443638,63.69985890819043,0.021142343103075476,-0.01877629061617912,-1.0
2022-02-15,13.739052684969067,67.60889533279237,0.021353965751487854,0.002641778461701423,-1.0
2022-02-16,12.172471067700329,68.02193740033351,0.02072293863643843,0.0003852537943284584,-1.0
2022-02-17,8.324768361911424,47.95265779443718,0.021207312048582016,-0.02065565364156996,-1.0
2022-02-18,8.070309355157931,36.68555515720872,0.021099316849615236,-0.02896700763796786,-1.0
2022-02-22,6.101203100681701,33.256481912746466,0.02150778556045483,-0.04515293290569695,0.0
2022-02-23,3.4428279424553807,26.506572540123457,0.022183483040393772,-0.06777426971847306,0.0
2022-02-24,8.265198576395633,34.85688956733834,0.022477896608032143,-0.05081203585565825,0.0
2022-02-25,10.091741507771474,39.11664740502317,0.02260300620289547,-0.03746597969422287,-1.0
2022-02-28,9.682763983324179,40.43304964693972,0.016037365421565742,-0.03431616518818381,-1.0
2022-03-01,7.595471637925442,32.341279028561985,0.014805720244832518,-0.0445570567970556,-1.0
2022-03-02,11.603604205973596,36.05049818931596,0.01573628060572332,-0.024387805014979422,-1.0
2022-03-03,10.185804416036433,40.50304809212012,0.01558665819204778,-0.025943687849726862,-1.0
2022-03-04,7.049053498118724,41.05915599555659,0.01567135093305415,-0.04279753359032264,-1.0
2022-03-07,4.373266286590621,36.002337043503566,0.016354839705006417,-0.06372963393128328,-1.0
2022-03-08,4.380261135623613,26.14233673372658,0.01644930042751156,-0.07263234494219067,1.0
2022-03-09,11.130676982086314,37.179520212241634,0.01799053394296858,-0.03823351724730422,-1.0
2022-03-10,5.189826977349767,36.43980985361041,0.01852244494778426,-0.06210612903824759,-1.0
2022-03-11,2.9103494940640644,34.44690307226659,0.018538836598003133,-0.08187684581549207,1.0
2022-03-14,0.7869005800533131,33.509874044320455,0.01886169842479062,-0.10335361079700581,1.0
2022-03-15,7.467292655079277,44.03731491482571,0.020400155625283172,-0.07429092311936791,1.0
2022-03-16,11.013767303372347,46.38677748488802,0.02084886431714,-0.044901112567018446,1.0
2022-03-17,10.270482059229707,45.02471109991937,0.02096921798169908,-0.036563015578226984,1.0
2022-03-18,12.730408499807425,48.75003966530332,0.02119439687346653,-0.0151425440903364,1.0
2022-03-21,12.487552636565596,52.41793362900581,0.021212243853310372,-0.00597005565099743,1.0
2022-03-22,14.766956829969217,52.502229118977766,0.02129757752557297,0.015088482614487753,1.0
2022-03-23,14.319479707046796,54.30548313331329,0.020328865356652872,0.02366301114673097,1.0
2022-03-24,16.87736446825764,61.59081546044305,0.020579759463956664,0.04697664076783106,0.0
2022-03-25,15.431443857107581,67.60273142923316,0.020461170585399036,0.05096041961913008,0.0
2022-03-28,15.218247176303649,71.20504836857131,0.02046241230195207,0.05579279707726969,-1.0
2022-03-29,17.58410384994403,69.68278568015515,0.020438973232861188,0.07520461658140046,-1.0
2022-03-30,14.592847903796411,75.71467586382344,0.02023936036127585,0.06700551874858061,-1.0
2022-03-31,11.205976297948382,77.01091545291075,0.020764050295289396,0.04695879776227355,-1.0
2022-04-01,11.802763565294,85.9047836446403,0.020200199751821444,0.04390693193802831,-1.0
2022-04-04,16.055159847433444,85.75802529379892,0.01961121815930035,0.06656660626017458,-1.0
2022-04-05,11.115500504974463,74.53209413780375,0.020016517330595066,0.04465946360211336,-1.0
2022-04-06,8.73379949528642,66.61727871136185,0.019431586558652916,0.023887575498032308,-1.0
2022-04-07,10.374553558958127,63.29852487956674,0.018110550540286013,0.02419017054983539,-1.0
2022-04-08,8.593976776788537,57.51669009877241,0.017308336223214343,0.010661372588391971,-1.0
2022-04-11,5.2534335505993255,45.23732053720563,0.017209561438103694,-0.014615422640881398,-1.0
2022-04-12,9.1202709500988,46.106936958551174,0.01629024871057093,-0.002442075482121931,-1.0
2022-04-13,11.716029110418518,44.19852840624567,0.015494244135548911,0.014341659201225158,-1.0
2022-04-14,5.762219003382086,36.93540161074555,0.017168136440828406,-0.01486557458473848,-1.0
2022-04-18,7.336913425356087,35.1396892398576,0.01655870473464596,-0.015283379493240252,-1.0
2022-04-19,10.218002697237836,33.19759829030835,0.01674775514678826,-0.0007892786607334246,-1.0
2022-04-20,9.43153958890612,34.21204856791401,0.016069170409543858,-0.0012756387932571108,-1.0
2022-04-21,8.615496580577243,36.80305506263009,0.015967254758232737,-0.005113733751003488,-1.0
2022-04-22,4.396492540955194,32.29633775597624,0.016017993216266905,-0.031114083866001535,-1.0
2022-04-25,7.389104343513267,25.92806017226738,0.016103501300576587,-0.023505964075597695,-1.0
2022-04-26,1.6071849612297484,23.929064118199804,0.017650302948474157,-0.058620085125621585,1.0
2022-04-27,3.9728766262602733,26.170993132013635,0.016713462092357193,-0.05860942213089664,1.0
2022-04-28,11.864935829231086,39.040735346629596,0.0203189531530877,-0.015016633803815828,-1.0
2022-04-29,3.741712189121131,35.44006573287716,0.021401298635206543,-0.0493666375684272,1.0
2022-05-02,5.916848242108202,39.93274474935315,0.021445743295668583,-0.0462413703839932,1.0
2022-05-03,7.80822605580147,39.32106180626338,0.020682687819140164,-0.03615328699713847,-1.0
2022-05-04,13.880411361981984,44.79808648937916,0.022847348693260775,0.003166184124577242,-1.0
2022-05-05,2.2464051330989463,40.78718823753471,0.02558121915828978,-0.052348386334914745,-1.0
2022-05-06,5.87731058876615,41.91749681488607,0.025626023212676912,-0.04726630437773726,-1.0
2022-05-09,1.1896662215241918,34.77956540660924,0.026396770535110595,-0.07748437530629923,-1.0
2022-05-10,5.923300977344979,37.974153463473634,0.026350123480142294,-0.061440237980623966,-1.0
2022-05-11,-2.1057643349690522,33.344555780472106,0.0282408595593163,-0.10831304675503538,-1.0
2022-05-12,-2.652951278124732,33.73472431113707,0.028073342258713475,-0.1297780267870621,0.0
2022-05-13,4.473825390539304,37.44373851816106,0.028969670402968245,-0.09992926454964138,-1.0
2022-05-16,2.252759806953719,40.38274963431606,0.028977026049693363,-0.1076360836349352,0.0
2022-05-17,6.660792266354619,44.162360556499216,0.029491812857201555,-0.08384605111686533,-1.0
2022-05-18,-2.6653878739423646,31.841738469019404,0.0316010931579899,-0.13379157057912885,1.0
2022-05-19,-2.9046419885200123,33.18194837930173,0.031806214834394775,-0.15249184381582315,1.0
2022-05-20,-0.305622624914335,33.10396176277287,0.03157147483358773,-0.1488370351408807,1.0
2022-05-23,6.01014637895625,37.31378469050656,0.03320491955799836,-0.11343942384426361,0.0
2022-05-24,1.7385736166848318,28.754602777419194,0.03254156141119766,-0.12939280773137105,1.0
2022-05-25,2.7671973931996376,34.21363820357793,0.032561434836091516,-0.12684659886990635,1.0
2022-05-26,6.231641801741361,37.326278334465634,0.031126592310583883,-0.10485732409470146,0.0
2022-05-27,10.921389453195687,47.755085452199694,0.031908512582328186,-0.06712609783895351,-1.0
2022-05-31,7.631811296695773,44.57416906449899,0.03190205395095055,-0.07038649547686984,-1.0
2022-06-01,7.082336756125983,52.49039972239992,0.03177981875895654,-0.06928855178554344,-1.0
2022-06-02,9.323185808276548,60.07459418692264,0.0304517881724307,-0.051580888312428484,-1.0
2022-06-03,2.472672458590168,48.043421346251506,0.02913547534569437,-0.08532756635339088,-1.0
2022-06-06,5.125057757872241,50.69125496246604,0.029142933733247743,-0.07733279502970997,-1.0
2022-06-07,7.823518886310637,49.373092658349556,0.028605083019303902,-0.058043756383591445,-1.0
2022-06-08,6.216020862291643,60.31789081001179,0.02833978274874518,-0.05953197752735748,-1.0
2022-06-09,1.0776126681855231,57.25645445354311,0.027056406751603444,-0.08917214700280932,-1.0
2022-06-10,-2.245534794440559,49.44872881971327,0.02776574003008817,-0.11981712516604502,0.0
2022-06-13,-4.6098291435126555,36.45360633082717,0.027746814524003887,-0.14887408197064325,1.0
2022-06-14,-0.69451674357407,40.399239282539014,0.0278337954059257,-0.13860350726847293,1.0
2022-06-15,2.7725208201543694,43.953417123452006,0.02756015359841374,-0.11637784261781929,0.0
2022-06-16,-2.932469998175108,34.47966301155304,0.026114108183662128,-0.14643116182250437,1.0
2022-06-17,0.7884892078856041,27.309220973292028,0.025834306134605762,-0.1320277189605342,1.0
2022-06-21,5.248477122704159,35.040406730142394,0.026966468933322992,-0.09931157381102813,0.0
2022-06-22,3.3802067738846944,34.72794578877712,0.025236132304457794,-0.09863714020604764,1.0
2022-06-23,6.227903251765838,35.34874851885313,0.02545958142014091,-0.07583872846974678,1.0
2022-06-24,8.43927919220502,45.541695511587555,0.026065337291047604,-0.04991015740616835,0.0
2022-06-27,6.824541355138152,44.53121621836901,0.025523310632920113,-0.046265407717145074,0.0
2022-06-28,2.169611652451124,36.7754191247785,0.024380768898588652,-0.071223980560637,1.0
2022-06-29,5.3287325140974815,39.99999999999999,0.024670034588247194,-0.05586140575199742,1.0
2022-06-30,2.5080445946889824,42.75219662394962,0.024888004459275966,-0.06903956583908095,1.0
2022-07-01,5.625667501899741,52.397455438935125,0.02486009289134815,-0.050362620222728104,1.0
2022-07-05,7.636073649638931,63.86020955219897,0.023952617903363956,-0.029118723750675906,1.0
2022-07-06,7.8479024120095175,64.35023227542138,0.02403296108147824,-0.017279722024488315,1.0
2022-07-07,10.35371012201334,65.09955462292467,0.02433265199480747,0.008564846687156487,1.0
2022-07-08,9.362396749524834,76.96947981796762,0.024334918256204898,0.014652565465995464,1.0
2022-07-11,6.3767264531302885,70.69981574004318,0.02311899518978144,0.0012634061474232966,1.0
2022-07-12,7.7902588177143315,67.3256580932755,0.02116679010397047,0.010555985145397646,1.0
2022-07-13,7.031811288352543,67.67785820963843,0.01885278825672971,0.009661433678950965,1.0
2022-07-14,9.938591382836819,67.74528533418096,0.01916402391490811,0.03166733577426269,1.0
2022-07-15,10.368931660323923,65.73016574090613,0.018919498439416437,0.04479803375046208,1.0
2022-07-18,6.243933302553444,58.97191725127305,0.016910652339998854,0.025900651847209015,1.0
2022-07-19,10.882426259847321,72.70598286329135,0.01748916476637703,0.054129235493284834,1.0
2022-07-20,11.435930825837318,72.93259657789517,0.016502111137242516,0.06900318599678211,1.0
2022-07-21,12.442008936774826,81.14352261146266,0.01644546981381929,0.08464043762199781,1.0
2022-07-22,9.788869446119293,76.17403200064376,0.016404549011731103,0.0759061884657637,1.0
2022-07-25,8.576874835395955,70.73181077539377,0.016010910721257706,0.06698548623383561,1.0
2022-07-26,7.476458156472674,65.80491196783669,0.01624582984565509,0.05623559118990408,1.0
2022-07-27,13.049353964314648,67.86446514061366,0.015632709844614227,0.09092371887104954,1.0
2022-07-28,11.634665145820549,67.72094975736944,0.015574976147292818,0.09302424899454013,1.0
2022-07-29,15.87079098357745,77.49385547099178,0.015551141504549702,0.12679039660394806,1.0
2022-08-01,12.445888169335774,74.38463664985545,0.015793092120090325,0.11665295551420984,1.0
2022-08-02,10.478562250039161,71.8543593014941,0.01599390578921672,0.10282662043898833,1.0
2022-08-03,16.662583292040367,74.28500498433769,0.017518413956434768,0.14052020611615232,1.0
2022-08-04,13.8054534880837,72.35569097115041,0.017204987254109908,0.1347864170907897,1.0
2022-08-05,12.82804869189259,78.8219851083729,0.017290391534391453,0.12931169230611944,1.0
2022-08-08,11.955357585914797,74.59618534872955,0.016732056854309996,0.122270730127785,1.0
2022-08-09,11.86121048058321,72.70078953898705,0.01679268225637257,0.11935898667316526,1.0
2022-08-10,15.87883209301863,74.61927147081443,0.01721501967622638,0.14559999552361927,0.0
2022-08-11,13.243013052526237,75.967209517356,0.01715015202428419,0.137465679636288,1.0
2022-08-12,16.40497525557099,81.6266464741075,0.017442639374115318,0.1581466845778091,-1.0
2022-08-15,15.72022488575925,85.91197752565473,0.016186119021347176,0.1620112600194626,-1.0
2022-08-16,14.442080778037564,82.48665951253932,0.015712657874076517,0.1566149023262382,-1.0
2022-08-17,15.425035523310143,83.12666084014094,0.01564528730280357,0.1623293768627847,-1.0
2022-08-18,14.049820251903512,77.54596763446321,0.015642108670025495,0.15571843493495885,-1.0
2022-08-19,11.138011629269073,72.08571024878847,0.01604490802973982,0.1346857280120825,-1.0
2022-08-22,7.988612812248178,65.18673493177022,0.01705818429811102,0.10488132361098648,-1.0
2022-08-23,9.267581741603024,53.351284386101355,0.016839107877105238,0.09825232717336707,-1.0
2022-08-24,10.113241388527271,54.916809190812316,0.015386973896385697,0.09506870608532031,-1.0
2022-08-25,12.662541364472787,60.588265439721326,0.015597693176975444,0.10599470127593665,-1.0
2022-08-26,5.433117110702881,47.7702458488752,0.01669101006148265,0.06038474313910173,-1.0
2022-08-29,5.477703118783765,44.14299341115637,0.016933456227407308,0.04161488680463192,-1.0
2022-08-30,4.527417229474267,31.79420657763272,0.017162178991656653,0.022040296516244944,0.0
2022-08-31,4.387579089029387,30.77445076816234,0.014714384919769922,0.008376933525477128,1.0
2022-09-01,6.378260541700897,23.26029808707898,0.014804372015335873,0.010169122650293815,1.0
2022-09-02,4.523351749235204,18.400171055222287,0.015017764203524275,-0.005835276975076035,1.0
2022-09-06,4.364795079343111,17.680139035102457,0.015065474488778416,-0.01564369073211482,1.0
2022-09-07,6.719976567130459,17.420319645877186,0.015303727465702131,-0.008366067417399094,1.0
2022-09-08,5.114534078965377,16.773623317108317,0.013765551991559688,-0.02004781975494604,1.0
2022-09-09,8.680051307889997,26.345642715312167,0.014719266788476204,-0.0039031777581276126,1.0
2022-09-12,13.788374767342987,43.53525007098371,0.016604702558979542,0.030943934032892254,-1.0
2022-09-13,1.8240742237001513,33.777571266222836,0.020662518275116937,-0.031397054258999774,0.0
2022-09-14,6.290619211163531,35.60317926851381,0.020921280280178752,-0.023855957973207657,0.0
2022-09-15,3.5681232567383177,29.407601689392948,0.02086561736456109,-0.04349441518496821,-1.0
2022-09-16,3.2735643684672198,33.06237527020551,0.020862256851287557,-0.054518242782666995,-1.0
2022-09-19,8.129825152122947,41.30545536299034,0.021947392117157207,-0.031731416129405686,-1.0
2022-09-20,9.504806320499043,47.46401832790731,0.0219787024239166,-0.018068529894526345,-1.0
2022-09-21,5.282150929985974,45.744193969870864,0.02230989679283296,-0.03893983211368056,-1.0
2022-09-22,5.263249515273557,43.689557474720154,0.02227367857046916,-0.04595576909200485,-1.0
2022-09-23,3.612358003557304,43.5212099675245,0.021914140035635174,-0.06063882752783592,-1.0
2022-09-26,5.095156016554142,45.36721584867947,0.0206447556106556,-0.058610510464225093,-1.0
2022-09-27,6.353626473398705,44.76833488840944,0.02063485951446007,-0.05300797122553152,-1.0
2022-09-28,4.285470127219654,44.30470871743871,0.02055904311369629,-0.06487788802795667,-1.0
2022-09-29,-2.1607215251037672,33.45927276612906,0.022994414371537944,-0.10966043123639652,0.0
2022-09-30,-3.1906263017867644,20.818921058657082,0.0235555618920885,-0.1345739250625045,1.0
2022-10-03,3.7190474676889664,34.96968111220711,0.024891022081112664,-0.10668150392074115,0.0
2022-10-04,6.735604076928965,38.50768240162216,0.025737582908173955,-0.08302838352634033,-1.0
2022-10-05,5.766724167710805,42.025186544738,0.025614836081638635,-0.08056965960914433,-1.0
2022-10-06,4.473322425540502,42.82603636074871,0.025581906935015178,-0.08538170507457175,0.0
2022-10-07,-0.4716732431454318,31.209205212494524,0.02613123419718299,-0.11707279829045217,0.0
2022-10-10,2.066628590795645,27.237630411741733,0.024100363515814877,-0.11254689553994521,1.0
2022-10-11,1.2375994079919224,28.61294538683221,0.020882233700595772,-0.11916416107541496,1.0
2022-10-12,1.5481327107494707,28.898057808756477,0.020606068428230487,-0.12083027069234195,1.0
2022-10-13,6.810016920777812,39.797092901783415,0.022107276029000127,-0.08862498883825602,1.0
2022-10-14,0.8198828458136518,34.790089522493375,0.023007431912341024,-0.11493897799177535,1.0
2022-10-17,6.316269401152795,39.31919919382023,0.02329218458381089,-0.08648295573708334,1.0
2022-10-18,6.511167335051937,42.94979030650274,0.023057839456524912,-0.0753818291292958,1.0
2022-10-19,5.890741719820127,51.91988165021456,0.022759993736874894,-0.07216069193936198,1.0
2022-10-20,5.173371718895311,58.07650688017244,0.02274678475457525,-0.07209807680825223,1.0
2022-10-21,9.071826517535186,57.58813426186456,0.023497581568504438,-0.04436525374601769,1.0
2022-10-24,9.698387112025998,55.52979175886315,0.02374948948510886,-0.027360251770673704,-1.0
2022-10-25,11.235450399581566,59.03276142823237,0.024109114569084072,-0.0058537741094952835,-1.0
2022-10-26,6.671158505265197,55.616082962952426,0.024358076841531295,-0.022344287014766852,-1.0
2022-10-27,2.7535328531997862,56.9041820895984,0.022672234191255206,-0.048422636296914574,1.0
2022-10-28,15.290683438545273,67.12879956925264,0.026943044286608823,0.02595382941320216,-1.0
2022-10-31,9.102796039278289,65.71805667070157,0.026717280623758173,0.01256905665821661,-1.0
2022-11-01,6.3360649629795205,62.89542825919414,0.026623981118332706,-0.002966464928711503,-1.0
2022-11-02,1.5951406113584596,52.094450331033,0.028026993079780148,-0.03733187469533399,-1.0
2022-11-03,-2.132089228445352,50.49760316074588,0.02956500207413399,-0.07463431430556322,1.0
2022-11-04,0.6951866632526986,45.91177943189025,0.028408935376466094,-0.07255290899476305,1.0
2022-11-07,2.3974699562483437,44.96560071974088,0.028418225637845188,-0.06587483997621757,1.0
2022-11-08,3.381892983026418,45.527202463132184,0.02832921462785935,-0.059240529968106956,1.0
2022-11-09,-1.0619251088133268,41.75649076764458,0.029312113486866218,-0.08753809864661474,1.0
2022-11-10,12.777137147105194,49.86622986912794,0.03482653037543775,-0.00499399420396892,0.0
2022-11-11,11.55156715340756,50.42152266763669,0.034058448945240315,0.015279193240387467,0.0
2022-11-14,8.051914562999016,46.691914903466134,0.03368511145527101,0.006641348190536532,0.0
2022-11-15,9.56358409325152,50.83206587780565,0.033715647668893976,0.019175717212177933,0.0
2022-11-16,7.375580339646376,53.987826458250524,0.03380511043553891,0.011634702487388904,0.0
2022-11-17,9.37492691444075,44.59373106392975,0.03385936699246727,0.025242601612805633,0.0
2022-11-18,9.078346673096235,47.87274674497726,0.03338963047369126,0.029935174565957352,-1.0
2022-11-21,5.30074433875987,47.208037529116105,0.03364588201136789,0.009688515728296461,0.0
2022-11-22,8.464092642041834,56.84558187111496,0.033521342749817266,0.024968184820400904,0.0
2022-11-23,8.694603829134309,68.20045922077733,0.033224030373390605,0.03160328202257114,-1.0
2022-11-25,5.245103546677669,63.2165161533561,0.032765024514817845,0.011944421211958869,0.0
2022-11-28,2.3671512578081177,56.59855161505681,0.02829250407319784,-0.013794216072048,0.0
2022-11-29,1.1120266263694276,51.95869763629387,0.028449562533598913,-0.03292416700173088,0.0
2022-11-30,9.621295435257451,64.66782724226798,0.030520318105970785,0.015267775773043179,0.0
2022-12-01,7.844787338791761,52.17262877074515,0.02925544037430388,0.01790775153529601,-1.0
2022-12-02,6.807627165887922,46.93278181185664,0.027409120260587762,0.01512778422325718,-1.0
2022-12-05,5.6308357193004355,47.301292467270315,0.027505897460125925,0.007515208210166726,-1.0
2022-12-06,2.3779179142850495,39.040865971782786,0.028238325418988346,-0.017017432544572515,-1.0
2022-12-07,2.004505495502869,38.19548318784586,0.02844313999657996,-0.02915622658830338,-1.0
2022-12-08,4.952512044196126,37.78387602468289,0.02737053038022065,-0.016436407397890932,-1.0
2022-12-09,4.291775458141743,36.145769922320284,0.01847457713564512,-0.019803532771331598,-1.0
2022-12-12,6.874202389326882,44.500043320656594,0.01831500975408851,-0.004633076565648212,-1.0
2022-12-13,7.076645940659773,42.3563638484223,0.01830814062226268,0.0016686652968961788,-1.0
2022-12-14,4.303164929390732,37.78743419108339,0.01833568326306621,-0.013533247218618105,-1.0
2022-12-15,-1.5884852010142936,33.843539467762426,0.02086601118173943,-0.05850098968101954,-1.0
2022-12-16,-0.7200543356068891,35.7332105015696,0.02058761007414141,-0.07085783674124226,-1.0
2022-12-19,-1.1541256850470916,36.71500431185264,0.02059262856648207,-0.08469328388562947,-1.0
2022-12-20,0.3438223890783263,20.129018291513574,0.020310842608679228,-0.08417841398874254,-1.0
2022-12-21,4.1778224159777295,27.9794441889467,0.020881376997717114,-0.06194462100493394,-1.0
2022-12-22,0.2276917534087488,25.595237228730156,0.021122449702670937,-0.08349803374556454,-1.0
2022-12-23,1.0966024846599822,26.261649113128954,0.02090415553441462,-0.08468038534456186,-1.0
2022-12-27,-0.11607070883783877,27.960311667273615,0.020437578731062195,-0.09636468145930346,0.0
2022-12-28,-2.994978828530691,26.15235987823982,0.020940068880465602,-0.12212444655270124,1.0
2022-12-29,2.5511660119703095,30.302098665863667,0.018539954968869173,-0.09550752764143496,1.0
2022-12-30,2.2380271374780705,31.430290934892355,0.018554091983917817,-0.09153831960402752,-1.0
2023-01-03,-2.611994920426042,22.617061731857135,0.019779142447788396,-0.12330227658001378,1.0
2023-01-04,0.6650075654623038,23.28765877624403,0.02020489705880301,-0.11168626207778971,1.0
2023-01-05,-0.4769834589735069,23.90242070448899,0.019771754866775952,-0.11810793697180699,1.0
2023-01-06,4.847187560786978,39.49297388488838,0.021907258613369906,-0.0827521343672789,1.0
2023-01-09,3.936940656150142,43.030619490586275,0.021669019686407373,-0.07652463066784741,1.0
2023-01-10,4.027216456235337,47.240934883759714,0.02175824155895648,-0.07058482306809734,1.0
2023-01-11,6.38082481425873,51.835812721152024,0.022014744769104092,-0.0479861873106193,1.0
2023-01-12,5.10466907251859,46.52352256439901,0.021890930610062836,-0.04587878149350125,1.0
2023-01-13,6.101681338661109,54.605035762313825,0.021936493341686195,-0.03406287781289127,1.0
2023-01-17,6.5613177567885685,57.21361630530214,0.019441970608045034,-0.024366980909171703,1.0
2023-01-18,5.119618505459044,59.528999382264374,0.019186560233516385,-0.029127056908484477,1.0
2023-01-19,5.182862582639913,69.84943705025727,0.01879788844459651,-0.02826219086906731,1.0
2023-01-20,7.6414792548576145,68.53680282666843,0.01921355254027966,-0.009434959838685957,1.0
2023-01-23,9.738616171453302,72.18251803591048,0.019195399609000213,0.01360911444021878,1.0
2023-01-24,9.503204712991135,90.11947021394877,0.018251417382379568,0.02268371516575556,1.0
2023-01-25,7.700433879896494,86.6602605574414,0.01829316996273362,0.018608491473976054,1.0
2023-01-26,9.5284852746545,93.24187795080816,0.017953717413774245,0.03454037960773671,1.0
2023-01-27,10.403132184458343,92.31950795466328,0.01590313550851372,0.049051374184411856,1.0
2023-01-30,6.308724355753313,79.64933598273126,0.016242349542597623,0.029030245848736865,1.0
2023-01-31,8.225171760970682,80.29488668372905,0.01625354785138095,0.03898577919213448,1.0
2023-02-01,8.860653310864635,78.75725486772807,0.012757814293396614,0.04799298501692266,1.0
2023-02-02,13.51619535312551,83.39081535349214,0.014354365439538918,0.08690805516596059,1.0
2023-02-03,14.736767586078983,84.75345543076513,0.01396913701035731,0.11238786308031111,0.0
2023-02-06,9.73273924721569,76.3253292373737,0.013955381403338839,0.09220016886393435,0.0
2023-02-07,12.783054859480913,80.20509192074528,0.014142188421755261,0.11264579414533694,-1.0
2023-02-08,8.702145149374019,73.88815826608467,0.015311668404641167,0.0924058838201184,0.0
2023-02-09,8.166670978685005,69.51956128396073,0.015297152696761164,0.08381917337646519,1.0
2023-02-10,8.884694283765356,66.64540761142044,0.015240318440968868,0.08491132263551449,0.0
2023-02-13,11.546718770547116,68.13680370279066,0.015473864395586241,0.10435559084194017,-1.0
2023-02-14,9.685400560695513,68.17754558520022,0.015660208104418132,0.09888273798785564,-1.0
2023-02-15,11.612781215771179,68.2106900280677,0.015503811324979768,0.11292422883704425,-1.0
2023-02-16,8.98273307830867,62.71312949949609,0.015935980796028624,0.10016590525291363,-1.0
2023-02-17,8.067483975366542,66.44007515105957,0.015944878394720422,0.09032473612712422,-1.0
2023-02-21,4.43360075334661,56.786689756085494,0.01684755367401403,0.06005984849684515,1.0
2023-02-22,6.500988035644411,55.823641619059664,0.016760027008826957,0.062147297530281385,0.0
2023-02-23,7.271871430054631,47.787100121124006,0.016676847762772923,0.064510153437127,0.0
2023-02-24,4.587070859269957,35.41918398341795,0.01704365891259136,0.044979871402904485,1.0
2023-02-27,6.875026610224836,42.65150384416294,0.016875938828918646,0.05319752195715407,1.0
2023-02-28,6.2339282185347,34.04079578778523,0.016184029955309244,0.0489063445262272,1.0
2023-03-01,4.39954475795254,35.04007382172517,0.016465406212581146,0.03263840017512527,1.0
2023-03-02,5.916291374300158,38.66799064814575,0.016398331467669475,0.03519509286671661,1.0
2023-03-03,11.037742763640793,50.03902569176283,0.016170322799795172,0.06865971158754951,0.0
2023-03-06,11.879753557401457,49.96094354589073,0.015757891095040687,0.08513492476248742,-1.0
2023-03-07,8.042878457619395,47.054516051885344,0.015570190592242772,0.06694216177836035,1.0
2023-03-08,9.57664268045123,45.32318850550785,0.015049598868068318,0.07273307865823689,1.0
2023-03-09,6.745092064596193,44.213617339586804,0.014896022601429172,0.0539335934367287,1.0
2023-03-10,5.339544106063258,42.73928499935954,0.015139288645189255,0.03659758245035251,1.0
2023-03-13,8.2160314122453,53.858101037721994,0.01544428541537796,0.04675096956432061,1.0
2023-03-14,9.7992350479456,56.69578714493061,0.015174537178685426,0.05808666009251463,1.0
2023-03-15,9.251192142447806,56.553530583218006,0.015158602250952054,0.05744980802542775,1.0
2023-03-16,11.610689455120351,66.58206353820272,0.015424716859114824,0.07262563369935837,1.0
2023-03-17,9.424093392886192,63.0147205149053,0.015282383045235845,0.06255836534952157,1.0
2023-03-20,11.645316801872838,67.17085473620638,0.015507900172508611,0.0742138645282998,1.0
2023-03-21,12.366442800082922,74.19465778279184,0.01413445551377304,0.08263221592262013,1.0
2023-03-22,9.761047823581464,70.05378537470756,0.01441824148202472,0.06872621798093692,1.0
2023-03-23,10.924085731343169,65.36962217576595,0.014445431843126091,0.072051407338758,1.0
2023-03-24,11.646398702728035,63.2534501771622,0.013585549052526765,0.07703753907792206,1.0
2023-03-27,8.909146252237178,63.9398915357337,0.014056445399720143,0.06022400788993731,1.0
2023-03-28,8.713931603240326,60.24871906762183,0.014070764254780278,0.05274667276131093,1.0
2023-03-29,12.036020419199772,71.06784457589698,0.013873877941034892,0.070003421196933,1.0
2023-03-30,12.389060071258001,79.28990137737013,0.013911123094945058,0.07666508269946225,0.0
2023-03-31,13.86877867287697,79.7770766700261,0.012318681473491699,0.08919855827243867,-1.0
2023-04-03,13.690881360332668,79.04190388875548,0.011898632021516616,0.09346903536371588,-1.0
2023-04-04,12.080211534305406,76.87063557817494,0.011228714639817146,0.08637893098236786,-1.0
2023-04-05,9.932161921952485,67.55431753344993,0.011721239944898364,0.07110007054573705,1.0
2023-04-06,11.273045876886087,71.39063694319866,0.010891666938193198,0.07375381872748117,-1.0
2023-04-10,8.313441713487052,60.14898526080557,0.011086268824473002,0.05408888576183242,1.0
2023-04-11,7.957673899717108,53.42959633744627,0.011191589003773279,0.0440370848164078,1.0
2023-04-12,7.920359634937256,55.301234844353274,0.011021682338911744,0.03715968824842209,1.0
2023-04-13,13.771542137893405,62.86380600933682,0.01309810530518592,0.06955269599108398,0.0
2023-04-14,11.429914530382561,59.99998752796075,0.012692711115258947,0.06454044426436573,1.0
2023-04-17,11.014623936610136,65.2078069659513,0.012557857230785105,0.06266450455711212,1.0
2023-04-18,11.961177175674763,68.79788416432534,0.012273094301584632,0.06896111636827121,0.0
2023-04-19,12.42529900625047,65.95348904122399,0.012129195743269218,0.07418485535635683,0.0
2023-04-20,10.706312392868412,60.26803990911843,0.011984400208717008,0.06623276509828757,0.0
2023-04-21,9.148064143163111,50.300325869048635,0.012259121918041403,0.05400579321660302,1.0
2023-04-24,9.985529377441054,47.79177040526762,0.01216772471669676,0.05400794039803697,1.0
2023-04-25,8.403650637536302,45.35933619693071,0.01201138608951447,0.04236683835479863,1.0
2023-04-26,8.972050060798423,50.0,0.011944342531206796,0.04099002947705297,1.0
2023-04-27,13.702125317539327,58.54987429611112,0.012747934680776863,0.06848302023195607,1.0
2023-04-28,13.169855914329801,68.5950320020029,0.012685974654507583,0.07458379336314921,0.0
2023-05-01,12.043649657606707,72.61957351430043,0.012299033386887967,0.0718579736135409,0.0
2023-05-02,10.596193904199808,71.33455773409237,0.012321117171957737,0.06307282353480226,1.0
2023-05-03,9.6623084840151,56.132316900602746,0.012397267346616161,0.053676075361005424,1.0
2023-05-04,8.377210885237787,51.734529366985804,0.012331304360626433,0.041019220786507174,1.0
2023-05-05,16.743369626945224,67.03430551887871,0.016089031773836665,0.08657280852431799,0.0
2023-05-08,13.778796804014888,65.07939667286342,0.015500912188446719,0.0825037031517421,0.0
2023-05-09,11.24420389018043,58.66828142050845,0.015599670754942254,0.06852978414208104,0.0
2023-05-10,13.233257709085265,63.993515685876574,0.015562034930013409,0.07616357551329792,0.0
2023-05-11,12.606661361364786,68.7742000714403,0.01387817774280566,0.0735551600155069,0.0
2023-05-12,11.264519587528312,65.65822782350895,0.013955500717544398,0.06420209210216882,0.0
2023-05-15,10.887942926029623,68.70577871143713,0.013997041125657092,0.05834498405135362,1.0
2023-05-16,11.00398492478439,68.73586892189917,0.013947594132382444,0.055948085784935854,1.0
2023-05-17,11.577062976918555,62.029261400361136,0.013902380089834743,0.056989610464644035,1.0
2023-05-18,13.598930217034052,64.11781274704481,0.014032871686190952,0.06850566425352542,1.0
2023-05-19,12.631477884164056,64.60652453911669,0.013738554972289345,0.06595284299427179,1.0
2023-05-22,11.250994655964433,64.89576916260073,0.013872118334910888,0.05677859698712544,1.0
2023-05-23,8.767178512960612,60.17577188895051,0.014192340780652467,0.03808076305796611,1.0
2023-05-24,10.01443544428723,65.73367956254378,0.014181373408352642,0.03733181273688145,1.0
2023-05-25,11.264162696004817,48.72426229584143,0.012871415143573074,0.041732250948801966,1.0
2023-05-26,13.267268214965014,56.90757254514773,0.013115215460525206,0.05391290689110931,1.0
2023-05-30,14.023356545421649,68.1965295949245,0.013247816709938761,0.06227367978290313,1.0
2023-05-31,12.863216392313547,63.92564814875624,0.013111863821285274,0.05942643905372328,1.0
2023-06-01,15.245946474724917,69.63018183594127,0.013250455747752996,0.07370195046046532,1.0
2023-06-02,14.701297596401716,75.11974171159585,0.012851639961932091,0.07583542000359016,1.0
2023-06-05,12.470642209726293,71.39596115329243,0.008393863398871756,0.06504714103982805,1.0
2023-06-06,12.205192177175022,69.92191809156094,0.008424937257111144,0.06044017287244949,1.0
2023-06-07,10.83575612426958,63.72396149660505,0.008276372089301128,0.049760360381240036,1.0
2023-06-08,13.997796118769287,64.46549509362305,0.008621482521675333,0.06309078882944961,1.0
2023-06-09,13.348931326085363,64.97939471681497,0.00861832342509822,0.06283241799567409,1.0
2023-06-12,15.64565841269669,72.58598614910085,0.008927156923891235,0.0767147609171348,1.0
2023-06-13,13.790458801137632,80.80765869843916,0.00891711363321446,0.07156288293564475,1.0
2023-06-14,14.088079376477069,81.16328628056317,0.008885153491636046,0.07304474676394207,1.0
2023-06-15,15.59678582690303,82.00596958714786,0.00905582818328087,0.08245872868775725,1.0
2023-06-16,13.415298590466989,74.98694695339452,0.008984011293862285,0.07344379010210618,1.0
2023-06-20,13.473554194076229,72.39988046768366,0.008985856824381066,0.07140677105819863,1.0
2023-06-21,12.222274318524512,68.42409243723137,0.008995370890919787,0.06259958469474233,1.0
2023-06-22,15.463154213143099,68.76709777599932,0.008445742989179104,0.07687223831910593,1.0
2023-06-23,13.915681290862537,66.03262537000626,0.008535016133533383,0.07172137900854701,1.0
2023-06-26,12.218377790557824,65.88503423827703,0.008901278115336506,0.06119706079649248,1.0
2023-06-27,15.298371709032054,71.76584270448197,0.008963617025333078,0.07433739284532014,1.0
2023-06-28,15.353628860785264,78.39050247312248,0.008833410429055237,0.07814860941675272,1.0
2023-06-29,14.82249981847005,75.45151242062254,0.008801170679163825,0.07721974582180667,1.0
2023-06-30,18.621167586207406,79.96319318668466,0.009453483877100283,0.09878839839552465,-1.0
2023-07-03,15.089770308334494,71.26064855947628,0.009793637238653407,0.08702790149971257,-1.0
2023-07-05,13.821117065058104,69.05892137137471,0.009702819437505342,0.07741552701666914,1.0
2023-07-06,14.457615296127628,68.82180209766418,0.009625474595961187,0.0768791608555117,-1.0
2023-07-07,13.042366093208372,61.70427547468073,0.009519675471663732,0.06728301498858132,1.0
2023-07-10,11.25185093046072,58.815069741495655,0.009603342112797121,0.05274146920939083,1.0
2023-07-11,11.517518964796096,57.18295649509362,0.009669161502836305,0.04745616564531516,1.0
2023-07-12,13.569399946436505,63.19852590334731,0.0092810206134124,0.0544808452598161,1.0
2023-07-13,13.772404131916602,58.96654727647982,0.009239833964800836,0.056272666516251284,1.0
2023-07-14,13.449264142596661,60.245226317833,0.009236281859428102,0.05448741342049645,1.0
2023-07-17,16.451557074732193,70.31689109490901,0.00965343767258314,0.06956902851223014,0.0
2023-07-18,14.736294046495743,64.97635659926638,0.009507951691323444,0.06482810164259557,0.0
2023-07-19,15.682027027567358,65.3062791344208,0.00955312506787926,0.06979820215794827,0.0
2023-07-20,12.915088062105255,58.534258785578494,0.009805068061640183,0.05669333972616871,0.0
2023-07-21,12.146356641720189,44.21648440325637,0.009398631208606829,0.04784235490617127,1.0
2023-07-24,13.394946898859871,50.8604199490943,0.00939065387729213,0.05003678966861264,1.0
2023-07-25,14.000649046160348,56.90174725539681,0.009153365395005365,0.052470193834350184,-1.0
2023-07-26,14.420844800354672,57.916462139805475,0.008667802087857853,0.054739032180212074,-1.0
2023-07-27,12.618441556267044,57.40958161419987,0.008786471750107718,0.04539982749554802,-1.0
2023-07-28,15.463961676532875,70.41860554501008,0.009216795051744263,0.05680388813839122,-1.0
2023-07-31,15.030522542209283,73.5509630117616,0.007734668146676377,0.05743825470886959,-1.0
2023-08-01,13.59407906643338,67.25771148274785,0.007571028062196642,0.050591313665690786,-1.0
2023-08-02,10.63302408034977,55.31805419228914,0.008291008552519252,0.03238572711360606,-1.0
2023-08-03,10.328070779042477,51.174162974425315,0.008446741062457474,0.022965692436411927,-1.0
2023-08-04,2.0633096268435054,27.203786352279565,0.013624372128526779,-0.027242942430051292,-1.0
2023-08-07,2.8444400967822787,24.520655754352333,0.01390944607621161,-0.044742450492807256,0.0
2023-08-08,6.2310797899830845,23.41903182703608,0.014019864700936297,-0.04036661109066193,-1.0
2023-08-09,5.277574753966036,23.715695965490696,0.013842461788790046,-0.04923969262730395,0.0
2023-08-10,6.1885935927229525,24.55376960248995,0.013749708945686001,-0.05048125938021244,0.0
2023-08-11,6.876968055288401,22.434652337129734,0.013743011983166907,-0.050239870036558845,0.0
2023-08-14,8.894490551198189,24.69730909597328,0.013221477803710224,-0.04127898155446194,-1.0
2023-08-15,6.5191321473242425,20.647218436357107,0.013311075321185034,-0.05168690606781298,1.0
2023-08-16,6.457608813488477,20.938841412987827,0.013042773413392059,-0.0561104986561059,1.0
2023-08-17,4.565046760032615,11.710567534826055,0.01317498492126192,-0.06935465189046129,1.0
2023-08-18,6.367540029234505,11.303646932279904,0.01328759993863763,-0.06642521176879454,1.0
2023-08-21,8.017322365403388,15.830772580865656,0.013432951494044268,-0.05875054838988663,1.0
2023-08-22,9.11639108285371,21.959115545813887,0.013572420234520308,-0.05095578968312342,1.0
2023-08-23,12.451851003357831,33.340645338701535,0.01467919937890369,-0.029873815718194367,1.0
2023-08-24,6.1293694623691835,39.254478780820094,0.015532346380781718,-0.05458547436984359,1.0
2023-08-25,9.734542418872536,50.00246836485895,0.015481091339690414,-0.04210961507940354,1.0
2023-08-28,10.74213357108819,51.280995633700655,0.015678207251944153,-0.03305844433894932,1.0
2023-08-29,13.900070521647706,61.422450836011926,0.01671573147936462,-0.011910853902111053,-1.0
2023-08-30,15.611144062881706,66.3588801876019,0.017124917295392117,0.006720919360391286,-1.0
2023-08-31,13.848756863529474,66.53549164069142,0.017067399684905747,0.007451699594981939,-1.0
2023-09-01,14.595012460003531,66.44742683225667,0.013009473995295215,0.015682659026354726,-1.0
2023-09-05,13.742988212278476,71.39364000237032,0.012187968973902712,0.016612503512306448,-1.0
2023-09-06,6.43049085833178,59.17773732193961,0.014946701764301023,-0.01955370407183778,-1.0
2023-09-07,3.4653477915928335,54.7695482876987,0.016289031612509698,-0.047184463844430195,0.0
2023-09-08,6.741662740983145,54.92655946593195,0.016304189882450568,-0.04274631646727465,0.0
2023-09-11,8.525901839868652,54.72108313309635,0.016366342442318674,-0.03537292882464072,0.0
2023-09-12,5.410954367134551,48.806156611883594,0.01668151903366272,-0.0500514323063494,0.0
2023-09-13,4.657745575267029,40.69991049143358,0.016703717052248088,-0.059489360005922684,0.0
2023-09-14,7.455544791774784,49.057135365614805,0.0168053945775849,-0.04965617372725391,0.0
2023-09-15,6.644040091077386,44.451285464680915,0.0164925536308761,-0.05190760697693154,0.0
2023-09-18,9.996150063145137,46.71791922750856,0.016896652953266932,-0.034569617384231005,-1.0
2023-09-19,10.12534694727708,41.852264928361095,0.016868166876346995,-0.027622799630348586,-1.0
2023-09-20,5.947906370759213,30.4124013566841,0.017415750213955417,-0.045784307042629833,0.0
2023-09-21,5.620208043009313,28.474355066112864,0.016687725096125004,-0.05266150256824351,0.0
2023-09-22,7.416288803702656,26.824682887369576,0.015727772288576136,-0.04636776635742767,0.0
2023-09-25,8.709046029698996,29.17443325887467,0.015542153894971333,-0.03782272185712289,-1.0
2023-09-26,4.232177046358004,31.768321556712152,0.016170711203457973,-0.05809549946487702,1.0
2023-09-27,4.28874778486302,36.398397315756924,0.015198641488629597,-0.06411392871403876,1.0
2023-09-28,5.634892715631821,35.51263471349721,0.014282821562281674,-0.06019382216745811,1.0
2023-09-29,6.498837025781967,33.82300718071298,0.014328950489994136,-0.055076859888175546,1.0
2023-10-02,9.056262293151562,44.83171453864351,0.014699196474076954,-0.03915686784795871,1.0
2023-10-03,6.838317926192985,46.21807414969669,0.014660664232944282,-0.044499179195849885,1.0
2023-10-04,8.428523695324103,45.604409214763436,0.012907417184398697,-0.035409507114989,1.0
2023-10-05,9.261248748466201,49.79321025452616,0.011421086996984449,-0.02637592120482896,1.0
2023-10-06,11.232219211747903,48.9915671777684,0.011905213784354244,-0.010310154204596137,-1.0
2023-10-09,11.518220927901567,49.83464738052007,0.011966632685494057,-9.774615972998065e-05,-1.0
2023-10-10,9.93799382748287,56.83305520345152,0.011314953657896667,-0.0014643184582467871,-1.0
2023-10-11,11.179396628583433,63.929807455816736,0.011024499733816025,0.008182879790558217,-1.0
2023-10-12,11.361161972230505,64.01517779356769,0.010928570259177036,0.014606605606293682,-1.0
2023-10-13,8.87351557751228,56.38547277478534,0.011177682778400646,0.005525545914722655,-1.0
2023-10-16,9.192165487208356,69.09612302994974,0.010546114786603285,0.005136406423950465,-1.0
2023-10-17,7.723510050363117,68.94035555060962,0.010634703299944611,-0.003529827356343983,-1.0
2023-10-18,7.044387092293121,63.70408857610254,0.00975522277218019,-0.010484917769553202,-1.0
2023-10-19,7.350663353699801,61.39405797796592,0.009540913691392454,-0.012346546959508773,-1.0
2023-10-20,5.176733338493094,47.67270197629502,0.010054915824251335,-0.026337440632564827,-1.0
2023-10-23,6.482305497350822,51.71827741187777,0.009888861530457375,-0.025135659338703587,-1.0
2023-10-24,7.275391744006839,49.33895389360976,0.008356113685459464,-0.021992738914822122,-1.0
2023-10-25,5.001568251430072,39.25549488547447,0.008683676926703937,-0.03449631253380071,-1.0
2023-10-26,1.8561389035488673,22.623990644139525,0.010295148837923656,-0.05722316427891461,1.0
2023-10-27,5.194837191961014,21.938683658084145,0.010456454124279346,-0.04908870368322938,1.0
2023-10-30,7.428504027814142,30.396963147934557,0.010270628776040416,-0.03693027412478724,1.0
2023-10-31,7.34167809202863,27.116072370812475,0.010173298776329207,-0.03366148600650485,1.0
2023-11-01,10.27384169472019,34.695690057308084,0.010923994686304625,-0.015190242819501069,1.0
2023-11-02,12.540939051532973,47.306402551829166,0.011766809523612639,0.005592995423816962,1.0
2023-11-03,9.840546143403316,45.78411121246617,0.011362044920190868,0.00035223886887591013,1.0
2023-11-06,12.154225742276239,54.06876094057079,0.011686653041900277,0.014891130892632151,1.0
2023-11-07,13.475841555667174,61.140094963858445,0.012078745674974876,0.02936718178606065,1.0
2023-11-08,13.049045509293293,63.49433998626314,0.01202651841317101,0.0355690787181733,1.0
2023-11-09,11.56767034817193,68.73760098882778,0.012010045697535719,0.03346445933599258,1.0
2023-11-10,15.465630401841722,73.09230637523072,0.012735523178016126,0.05760824902171892,1.0
2023-11-13,11.94367262059383,68.89342594964364,0.012950316015858138,0.04905536089137652,1.0
2023-11-14,14.48692580639974,76.74350942912021,0.012983479213528068,0.0642847493779443,0.0
2023-11-15,13.764942126662206,89.032216258857,0.012752510994918729,0.06687415969068808,0.0
2023-11-16,14.702727275434341,89.17935712546516,0.012737035903925158,0.07501006557520742,0.0
2023-11-17,13.601934759713345,88.23803412595606,0.012002541128474913,0.07346779335819398,0.0
2023-11-20,14.861038584991348,88.79713953949742,0.012002036590259297,0.08191846064956826,0.0
2023-11-21,13.029241028244058,84.4099039140684,0.01217571464449354,0.0755694427692753,0.0
2023-11-22,13.550359140636658,82.30146409547953,0.01139424725368743,0.07724314075307097,0.0
2023-11-24,11.735652214682204,80.72945079891731,0.00944045026982866,0.0679584724956136,1.0
2023-11-27,11.813989932898238,77.46394875986556,0.009582158328813005,0.06514903925460386,1.0
2023-11-28,12.438168691827528,74.94410569991165,0.009490497826869454,0.06705562522139485,1.0
2023-11-29,11.10791667844424,69.05012849317629,0.009795671046447473,0.06003148284995842,1.0
2023-11-30,11.934947754414765,71.92788240299376,0.00927669087348513,0.061532216005445214,1.0
2023-12-01,12.982590172870673,66.35139255893438,0.008487538327305595,0.0666503475884284,1.0
2023-12-04,10.568350223171137,65.42294300728688,0.008775642095208796,0.05480535014706761,1.0
2023-12-05,14.995461509049335,68.27618607357417,0.009304723817522316,0.07491939645979424,1.0
2023-12-06,12.378331675116826,62.75906345926209,0.009194546886480566,0.06636640481152314,1.0
2023-12-07,14.260077179636042,63.30216198437419,0.009315240228530416,0.07431153416366573,1.0
2023-12-08,14.760262294198029,66.21780199607292,0.009259119870745531,0.07926163111372601,0.0
2023-12-11,11.317837262925025,54.47493420093277,0.008748100121146352,0.06270814374187621,1.0
2023-12-12,13.426481533102574,60.14972727971115,0.008489240825263169,0.06863364085526112,1.0
2023-12-13,16.068400217360875,64.69296215627551,0.008677751739635278,0.08340408460320464,-1.0
2023-12-14,14.700860374936354,68.98333407570144,0.008689005917557774,0.08130420651816081,-1.0
